,Name,Team,Season,POS,GP,ATT,YDS,AVG,LNG,BIG,TD,YDS/G,FUM,LST,FD
0,Christian McCaffrey,SF,2023,RB,16,272,1459,5.4,72,9,14,91.2,2,2,83
1,Derrick Henry,TEN,2023,RB,17,280,1167,4.2,69,5,12,68.6,0,0,63
2,Kyren Williams,LAR,2023,RB,12,228,1144,5.0,56,7,12,95.3,2,1,62
3,James Cook,BUF,2023,RB,17,237,1122,4.7,42,6,2,66.0,3,1,53
4,D'Andre Swift,PHI,2023,RB,16,229,1049,4.6,43,6,5,65.6,2,0,50
5,James Conner,ARI,2023,RB,13,208,1040,5.0,44,11,7,80.0,0,0,57
6,Najee Harris,PIT,2023,RB,17,255,1035,4.1,25,8,8,60.9,2,1,51
7,Joe Mixon,CIN,2023,RB,17,257,1034,4.0,44,3,9,60.8,0,0,59
8,David Montgomery,DET,2023,RB,14,219,1015,4.6,75,4,13,72.5,2,1,59
9,Raheem Mostert,MIA,2023,RB,15,209,1012,4.8,49,7,18,67.5,2,1,59
10,Travis Etienne Jr.,JAX,2023,RB,17,267,1008,3.8,62,6,11,59.3,0,0,53
11,Tony Pollard,DAL,2023,RB,17,252,1005,4.0,31,6,6,59.1,1,1,56
12,Breece Hall,NYJ,2023,RB,17,223,994,4.5,83,7,5,58.5,2,0,40
13,Rachaad White,TB,2023,RB,17,272,990,3.6,38,3,6,58.2,2,1,46
14,Bijan Robinson,ATL,2023,RB,17,214,976,4.6,38,7,4,57.4,4,3,50
15,Saquon Barkley,NYG,2023,RB,14,247,962,3.9,36,7,6,68.7,2,2,51
16,Jahmyr Gibbs,DET,2023,RB,15,182,945,5.2,36,10,10,63.0,2,1,42
17,Isiah Pacheco,KC,2023,RB,14,205,935,4.6,48,6,7,66.8,1,1,53
18,Kenneth Walker III,SEA,2023,RB,15,219,905,4.1,45,7,8,60.3,1,0,46
19,Chuba Hubbard,CAR,2023,RB,17,238,902,3.8,22,4,5,53.1,0,0,59
20,Devin Singletary,HOU,2023,RB,17,216,898,4.2,24,3,4,52.8,1,0,40
21,Lamar Jackson,BAL,2023,QB,16,148,821,5.5,30,4,5,51.3,5,2,48
22,Jerome Ford,CLE,2023,RB,17,204,813,4.0,69,5,4,47.8,1,1,33
23,Gus Edwards,BAL,2023,RB,17,198,810,4.1,42,6,13,47.6,2,2,49
24,Josh Jacobs,LV,2023,RB,13,233,805,3.5,63,3,6,61.9,2,1,34
25,De'Von Achane,MIA,2023,RB,11,103,800,7.8,76,8,8,72.7,1,1,30
26,Zack Moss,IND,2023,RB,14,183,794,4.3,56,6,5,56.7,0,0,43
27,Jaylen Warren,PIT,2023,RB,17,149,784,5.3,74,6,4,46.1,3,1,36
28,Javonte Williams,DEN,2023,RB,16,217,774,3.6,21,2,3,48.4,0,0,41
29,Jonathan Taylor,IND,2023,RB,10,169,741,4.4,49,4,7,74.1,1,0,42
30,Brian Robinson Jr.,WSH,2023,RB,15,178,733,4.1,29,4,5,48.9,3,2,47
31,Alexander Mattison,MIN,2023,RB,16,180,700,3.9,21,1,0,43.8,2,2,28
32,Alvin Kamara,NO,2023,RB,13,180,694,3.9,17,0,5,53.4,0,0,42
33,Tyler Allgeier,ATL,2023,RB,17,186,683,3.7,31,2,4,40.2,0,0,39
34,Justin Fields,CHI,2023,QB,13,124,657,5.3,39,4,4,50.5,3,1,43
35,Aaron Jones,GB,2023,RB,11,142,656,4.6,39,3,2,59.6,1,1,34
36,Ezekiel Elliott,NE,2023,RB,17,184,642,3.5,17,0,3,37.8,1,0,33
37,Austin Ekeler,LAC,2023,RB,14,179,628,3.5,55,3,5,44.9,3,2,34
38,Rhamondre Stevenson,NE,2023,RB,12,156,619,4.0,64,1,4,51.6,1,1,36
39,AJ Dillon,GB,2023,RB,15,178,613,3.4,40,1,2,40.9,0,0,32
40,Khalil Herbert,CHI,2023,RB,12,132,611,4.6,38,5,2,50.9,0,0,25
41,Jalen Hurts,PHI,2023,QB,17,157,605,3.9,24,2,15,35.6,6,4,68
42,Josh Allen,BUF,2023,QB,17,111,524,4.7,23,1,15,30.8,5,3,57
43,Zach Charbonnet,SEA,2023,RB,16,108,462,4.3,23,4,1,28.9,0,0,32
44,Ty Chandler,MIN,2023,RB,17,102,461,4.5,31,3,3,27.1,0,0,20
45,Tyjae Spears,TEN,2023,RB,17,100,453,4.5,23,3,2,26.6,0,0,24
46,Zamir White,LV,2023,RB,17,104,451,4.3,43,2,1,26.5,1,1,19
47,Miles Sanders,CAR,2023,RB,16,129,432,3.3,48,1,1,27.0,2,2,24
48,D'Onta Foreman,CHI,2023,RB,9,109,425,3.9,22,1,4,47.2,1,0,24
49,Joshua DobbsARI/,MIN,2023,QB,13,77,421,5.5,44,6,6,32.4,7,2,31
50,Dameon Pierce,HOU,2023,RB,14,145,416,2.9,22,1,2,29.7,0,0,14
51,Kareem Hunt,CLE,2023,RB,15,135,411,3.0,16,0,9,27.4,0,0,39
52,Jaleel McLaughlin,DEN,2023,RB,17,76,410,5.4,38,4,1,24.1,0,0,16
53,Joshua Kelley,LAC,2023,RB,17,107,405,3.8,49,2,2,23.8,1,1,21
54,Taysom Hill,NO,2023,QB,16,81,401,5.0,27,3,4,25.1,1,1,26
55,Keaton Mitchell,BAL,2023,RB,8,47,396,8.4,60,7,2,49.5,0,0,19
56,Patrick Mahomes,KC,2023,QB,16,75,389,5.2,25,2,0,24.3,1,0,27
57,Justice Hill,BAL,2023,RB,16,84,387,4.6,41,2,3,24.2,0,0,18
58,Kenneth Gainwell,PHI,2023,RB,16,84,364,4.3,32,3,2,22.8,3,1,19
59,Rico Dowdle,DAL,2023,RB,16,89,361,4.1,21,2,2,22.6,0,0,17
60,Roschon Johnson,CHI,2023,RB,15,81,352,4.3,29,2,2,23.5,1,0,16
61,Russell Wilson,DEN,2023,QB,15,80,341,4.3,21,2,3,22.7,3,1,38
62,Trevor Lawrence,JAX,2023,QB,16,70,339,4.8,26,3,4,21.2,5,2,23
63,Royce Freeman,LAR,2023,RB,14,77,319,4.1,23,1,2,22.8,0,0,17
64,Jamaal Williams,NO,2023,RB,13,106,306,2.9,17,0,1,23.5,1,0,19
65,Latavius Murray,BUF,2023,RB,16,79,300,3.8,29,2,4,18.8,0,0,27
66,Pierre Strong Jr.,CLE,2023,RB,17,63,291,4.6,40,2,1,17.1,1,1,9
67,Emari Demercado,ARI,2023,RB,14,58,284,4.9,49,1,2,20.3,0,0,12
68,Elijah Mitchell,SF,2023,RB,11,75,281,3.7,18,0,2,25.5,0,0,14
69,Antonio Gibson,WSH,2023,RB,16,65,265,4.1,16,0,1,16.6,1,1,13
70,Sam Howell,WSH,2023,QB,17,48,263,5.5,24,3,5,15.5,2,1,19
71,Bryce Young,CAR,2023,QB,16,39,253,6.5,26,3,0,15.8,2,0,18
72,Jordan Love,GB,2023,QB,17,50,247,4.9,37,4,4,14.5,5,2,16
73,Chris Rodriguez Jr.,WSH,2023,RB,13,51,247,4.8,16,0,2,19.0,1,1,14
74,Kyler Murray,ARI,2023,QB,8,44,244,5.5,33,2,3,30.5,5,0,15
75,Dak Prescott,DAL,2023,QB,17,55,242,4.4,22,1,2,14.2,2,1,21
76,Samaje Perine,DEN,2023,RB,17,53,238,4.5,24,1,1,14.0,1,1,14
77,Justin Herbert,LAC,2023,QB,13,52,228,4.4,35,2,3,17.5,1,0,16
78,Deebo Samuel Sr.,SF,2023,WR,15,37,225,6.1,23,1,5,15.0,0,0,13
79,Clyde Edwards-Helaire,KC,2023,RB,15,70,223,3.2,20,1,1,14.9,0,0,12
80,Dalvin Cook,NYJ,2023,RB,15,67,214,3.2,14,0,0,14.3,2,2,10
81,Zach Wilson,NYJ,2023,QB,12,36,211,5.9,20,2,0,17.6,4,3,7
82,Daniel Jones,NYG,2023,QB,6,40,206,5.2,17,0,1,34.3,1,0,15
83,Jordan Mason,SF,2023,RB,17,40,206,5.2,26,1,3,12.1,0,0,13
84,Tyrod Taylor,NYG,2023,QB,11,38,197,5.2,31,2,0,17.9,3,0,10
85,Tommy DeVito,NYG,2023,QB,9,36,195,5.4,26,1,1,21.7,2,1,7
86,Desmond Ridder,ATL,2023,QB,15,53,193,3.6,23,1,5,12.9,6,3,18
87,Jeff Wilson Jr.,MIA,2023,RB,10,41,188,4.6,15,0,0,18.8,0,0,8
88,Michael CarterARI/,NYJ,2023,RB,15,30,187,6.2,21,1,0,12.5,0,0,9
89,Cordarrelle Patterson,ATL,2023,RB,14,50,181,3.6,18,0,0,12.9,1,0,9
90,Chase Brown,CIN,2023,RB,12,44,179,4.1,31,2,0,14.9,1,0,6
91,Craig Reynolds,DET,2023,RB,17,41,179,4.4,19,0,1,10.5,1,1,11
92,Rondale Moore,ARI,2023,WR,17,28,178,6.4,45,2,1,10.5,0,0,5
93,Chase Edmonds,TB,2023,RB,13,49,176,3.6,21,1,0,13.5,0,0,8
94,Nick Chubb,CLE,2023,RB,2,28,170,6.1,20,1,0,85.0,0,0,8
95,Cam AkersLAR/,MIN,2023,RB,7,60,167,2.8,19,0,2,23.9,0,0,12
96,C.J. Stroud,HOU,2023,QB,15,39,167,4.3,16,0,3,11.1,2,1,18
97,Baker Mayfield,TB,2023,QB,17,62,163,2.6,31,1,1,9.6,3,0,16
98,Trey Sermon,IND,2023,RB,14,35,160,4.6,27,1,0,11.4,0,0,7
99,Kendre Miller,NO,2023,RB,8,41,156,3.8,18,0,1,19.5,0,0,10
100,Geno Smith,SEA,2023,QB,15,37,155,4.2,25,2,1,10.3,1,1,10
101,Matt Breida,NYG,2023,RB,17,55,151,2.7,9,0,1,8.9,0,0,7
102,Easton Stick,LAC,2023,QB,5,27,144,5.3,21,1,1,28.8,0,0,11
103,Brock Purdy,SF,2023,QB,16,39,144,3.7,17,0,2,9.0,2,0,15
104,Deshaun Watson,CLE,2023,QB,6,26,142,5.5,16,0,1,23.7,2,1,10
105,Patrick Taylor Jr.,GB,2023,RB,11,32,141,4.4,24,1,0,12.8,0,0,7
106,Anthony Richardson,IND,2023,QB,4,25,136,5.4,23,1,4,34.0,2,1,8
107,Ty Johnson,BUF,2023,RB,10,30,132,4.4,13,0,0,13.2,1,0,8
108,Tank Bigsby,JAX,2023,RB,17,50,132,2.6,12,0,2,7.8,1,1,12
109,Ronnie Rivers,LAR,2023,RB,9,32,129,4.0,10,0,0,14.3,0,0,4
110,Jake Browning,CIN,2023,QB,9,27,127,4.7,21,1,3,14.1,0,0,12
111,Taylor Heinicke,ATL,2023,QB,5,15,124,8.3,24,1,1,24.8,1,0,5
112,Darrynton EvansCHI/,MIA,2023,RB,7,32,121,3.8,13,0,1,17.3,0,0,10
113,Jayden Reed,GB,2023,WR,16,11,119,10.8,32,3,2,7.4,0,0,6
114,CeeDee Lamb,DAL,2023,WR,17,14,113,8.1,24,1,2,6.6,0,0,6
115,Darrell Henderson Jr.,LAR,2023,RB,4,46,112,2.4,16,0,2,28.0,0,0,5
116,KaVontae Turpin,DAL,2023,WR,16,11,110,10.0,46,2,1,6.9,1,0,5
117,Tyson Bagent,CHI,2023,QB,5,23,109,4.7,20,1,2,21.8,1,0,11
118,D'Ernest Johnson,JAX,2023,RB,17,41,108,2.6,19,0,0,6.4,0,0,5
119,Chris Brooks,MIA,2023,RB,9,19,106,5.6,52,2,0,11.8,0,0,2
120,Derius Davis,LAC,2023,WR,17,14,101,7.2,51,1,0,5.9,0,0,5
121,Gardner Minshew,IND,2023,QB,17,34,100,2.9,23,1,3,5.9,2,0,7
122,Mac Jones,NE,2023,QB,11,26,96,3.7,18,0,0,8.7,1,1,11
123,Isaiah Spiller,LAC,2023,RB,9,37,96,2.6,8,0,0,10.7,0,0,1
124,Tony Jones Jr.ARI/,NO,2023,RB,7,26,95,3.7,19,0,2,13.6,0,0,7
125,Damien Harris,BUF,2023,RB,6,23,94,4.1,11,0,1,15.7,0,0,9
126,Ameer Abdullah,LV,2023,RB,17,15,89,5.9,12,0,0,5.2,0,0,6
127,Puka Nacua,LAR,2023,WR,17,12,89,7.4,31,1,0,5.2,0,0,5
128,Joe Burrow,CIN,2023,QB,10,31,88,2.8,20,1,0,8.8,0,0,9
129,Tyler Goodson,IND,2023,RB,6,13,87,6.7,31,1,0,14.5,0,0,4
130,Wan'Dale Robinson,NYG,2023,WR,15,9,87,9.7,32,2,1,5.8,0,0,4
131,Boston Scott,PHI,2023,RB,15,20,86,4.3,18,0,0,5.7,0,0,5
132,Emanuel Wilson,GB,2023,RB,7,14,85,6.1,31,1,0,12.1,1,0,2
133,Bailey Zappe,NE,2023,QB,10,17,83,4.9,18,0,1,8.3,0,0,6
134,Melvin Gordon III,BAL,2023,RB,4,26,81,3.1,22,1,1,20.3,1,1,4
135,La'Mical Perine,KC,2023,RB,5,22,77,3.5,10,0,0,15.4,0,0,3
136,Tre Tucker,LV,2023,WR,16,10,77,7.7,34,1,0,4.8,0,0,4
137,Kalif Raymond,DET,2023,WR,17,7,75,10.7,40,1,0,4.4,0,0,2
138,Ryan Tannehill,TEN,2023,QB,10,17,74,4.4,23,1,1,7.4,2,0,4
139,Ihmir Smith-Marsette,CAR,2023,WR,17,8,74,9.3,20,1,1,4.4,0,0,4
140,Tua Tagovailoa,MIA,2023,QB,17,35,74,2.1,9,0,0,4.4,13,5,5
141,Keaontay Ingram,ARI,2023,RB,8,35,74,2.1,14,0,0,9.3,0,0,4
142,Israel Abanikanda,NYJ,2023,RB,6,22,70,3.2,12,0,0,11.7,0,0,3
143,Trayveon Williams,CIN,2023,RB,17,15,69,4.6,15,0,0,4.1,0,0,2
144,Xavier Gipson,NYJ,2023,WR,17,8,68,8.5,18,0,1,4.0,1,0,4
145,Matthew Stafford,LAR,2023,QB,15,21,65,3.1,9,0,0,4.3,0,0,4
146,Dorian Thompson-Robinson,CLE,2023,QB,8,14,65,4.6,12,0,0,8.1,1,0,4
147,Kevin Harris,NE,2023,RB,4,16,65,4.1,18,0,1,16.3,0,0,2
148,Salvon Ahmed,MIA,2023,RB,8,22,61,2.8,10,0,1,7.6,0,0,3
149,Jerick McKinnon,KC,2023,RB,12,21,60,2.9,10,0,1,5.0,0,0,7
150,Calvin Austin III,PIT,2023,WR,17,11,57,5.2,12,0,1,3.4,0,0,4
151,Will Levis,TEN,2023,QB,9,25,57,2.3,11,0,1,6.3,2,2,7
152,Carson Wentz,LAR,2023,QB,2,17,56,3.3,12,0,1,28.0,0,0,4
153,Deven Thompkins,TB,2023,WR,17,8,56,7.0,17,0,0,3.3,0,0,4
154,Zay Flowers,BAL,2023,WR,16,8,56,7.0,37,1,1,3.5,0,0,1
155,Tyler Huntley,BAL,2023,QB,5,15,55,3.7,11,0,0,11.0,0,0,3
156,Laviska Shenault Jr.,CAR,2023,WR,8,12,55,4.6,11,0,0,6.9,0,0,3
157,Mitchell Trubisky,PIT,2023,QB,5,16,54,3.4,15,0,2,10.8,1,1,6
158,Kenny Pickett,PIT,2023,QB,12,42,54,1.3,11,0,1,4.5,2,0,12
159,Marcus Mariota,PHI,2023,QB,3,8,52,6.5,17,0,0,17.3,0,0,6
160,Velus Jones Jr.,CHI,2023,WR,14,8,51,6.4,17,0,0,3.6,0,0,4
161,Tyquan Thornton,NE,2023,WR,9,3,51,17.0,39,1,0,5.7,0,0,1
162,Tank Dell,HOU,2023,WR,11,11,51,4.6,13,0,0,4.6,0,0,3
163,Xavier Hutchinson,HOU,2023,WR,16,5,49,9.8,17,0,0,3.1,0,0,3
164,Eric Gray,NYG,2023,RB,13,17,48,2.8,12,0,0,3.7,1,0,2
165,Raheem Blackshear,CAR,2023,RB,12,14,46,3.3,9,0,0,3.8,0,0,1
166,Blaine Gabbert,KC,2023,QB,2,7,45,6.4,25,1,0,22.5,0,0,2
167,Damien Williams,DAL,2023,RB,3,11,43,3.9,9,0,0,14.3,0,0,1
168,Ke'Shawn Vaughn,TB,2023,RB,6,24,42,1.8,9,0,0,7.0,0,0,0
169,DeMario Douglas,NE,2023,WR,14,8,41,5.1,20,1,0,2.9,0,0,2
170,Tyler Scott,CHI,2023,WR,17,7,41,5.9,16,0,0,2.4,0,0,2
171,Derek Carr,NO,2023,QB,17,32,40,1.3,10,0,0,2.4,2,1,4
172,Trevor Siemian,NYJ,2023,QB,5,11,40,3.6,13,0,0,8.0,1,1,5
173,Leonard Fournette,BUF,2023,RB,2,12,40,3.3,9,0,0,20.0,0,0,2
174,Deuce Vaughn,DAL,2023,RB,7,23,40,1.7,13,0,0,5.7,0,0,1
175,Jimmy Garoppolo,LV,2023,QB,7,20,39,2.0,9,0,0,5.6,1,0,6
176,Chris Moore,TEN,2023,WR,17,2,39,19.5,38,1,0,2.3,0,0,1
177,Curtis Samuel,WSH,2023,WR,16,7,39,5.6,15,0,1,2.4,0,0,4
178,Chris Godwin,TB,2023,WR,17,4,38,9.5,19,0,1,2.2,0,0,3
179,Rashid Shaheed,NO,2023,WR,15,7,37,5.3,12,0,0,2.5,0,0,1
180,DeeJay Dallas,SEA,2023,RB,17,10,36,3.6,8,0,0,2.1,0,0,2
181,Brandin Cooks,DAL,2023,WR,16,5,35,7.0,14,0,0,2.2,0,0,1
182,C.J. Beathard,JAX,2023,QB,7,8,35,4.4,19,0,0,5.0,1,0,2
183,Dare Ogunbowale,HOU,2023,RB,12,8,35,4.4,17,0,0,2.9,0,0,2
184,Marquise Goodwin,CLE,2023,WR,12,4,33,8.3,20,1,0,2.8,0,0,2
185,Jeff Driskel,CLE,2023,QB,1,7,33,4.7,13,0,0,33.0,0,0,4
186,Rashaad Penny,PHI,2023,RB,3,11,33,3.0,7,0,0,11.0,0,0,1
187,Lynn Bowden Jr.,NO,2023,WR,15,5,32,6.4,29,1,0,2.1,1,0,3
188,Brandon Bolden,LV,2023,RB,17,4,31,7.8,26,1,1,1.8,0,0,2
189,Kadarius Toney,KC,2023,WR,13,11,31,2.8,14,0,0,2.4,0,0,2
190,Tutu Atwell,LAR,2023,WR,16,5,31,6.2,22,1,0,1.9,0,0,2
191,PJ Walker,CLE,2023,QB,6,13,30,2.3,9,0,0,5.0,1,0,3
192,Ray-Ray McCloud II,ISF,2023,WR,12,3,30,10.0,15,0,0,2.5,0,0,2
193,Clayton Tune,ARI,2023,QB,7,8,30,3.8,11,0,1,4.3,1,0,3
194,Marvin Mims Jr.,DEN,2023,WR,16,9,30,3.3,11,0,0,1.9,0,0,2
195,Jameson Williams,DET,2023,WR,12,3,29,9.7,19,0,1,2.4,0,0,1
196,Khari Blasingame,CHI,2023,FB,16,8,26,3.3,6,0,0,1.6,0,0,0
197,Derrick Gore,WSH,2023,RB,6,3,26,8.7,23,1,0,4.3,0,0,1
198,Kirk Cousins,MIN,2023,QB,8,14,25,1.8,10,0,0,3.1,3,1,6
199,Nick Mullens,MIN,2023,QB,5,10,25,2.5,6,0,0,5.0,0,0,4
200,Jakobi Meyers,LV,2023,WR,16,4,24,6.0,17,0,2,1.5,0,0,3
201,Amon-Ra St. Brown,DET,2023,WR,16,4,24,6.0,11,0,0,1.5,0,0,2
202,Demarcus Robinson,LAR,2023,WR,16,1,23,23.0,23,1,0,1.4,0,0,1
203,Mike Boone,HOU,2023,RB,9,5,23,4.6,11,0,0,2.6,1,0,2
204,Calvin Ridley,JAX,2023,WR,17,9,23,2.6,18,0,0,1.4,0,0,3
205,Marquise Brown,ARI,2023,WR,14,2,23,11.5,29,1,0,1.6,0,0,1
206,Skyy Moore,KC,2023,WR,14,3,23,7.7,11,0,0,1.6,0,0,1
207,Sean Tucker,TB,2023,RB,11,15,23,1.5,7,0,0,2.1,0,0,1
208,J.K. Dobbins,BAL,2023,RB,1,8,22,2.8,4,0,1,22.0,0,0,1
209,Erik Ezukanma,MIA,2023,WR,2,5,22,4.4,12,0,0,11.0,0,0,1
210,Trey Palmer,TB,2023,WR,17,3,22,7.3,13,0,0,1.3,0,0,1
211,Jared Goff,DET,2023,QB,17,32,21,0.7,11,0,2,1.2,2,2,5
212,DJ Moore,CHI,2023,WR,17,4,21,5.3,16,0,1,1.2,0,0,1
213,Malik Willis,TEN,2023,QB,3,5,21,4.2,11,0,0,7.0,1,1,1
214,Bo Melton,GB,2023,WR,5,3,21,7.0,12,0,0,4.2,0,0,2
215,Tyrion Davis-Price,SF,2023,RB,1,6,21,3.5,15,0,0,21.0,0,0,1
216,Jacoby Brissett,WSH,2023,QB,3,3,19,6.3,10,0,0,6.3,0,0,0
217,Brett Rypien,LAR,2023,QB,2,3,19,6.3,8,0,0,9.5,2,1,1
218,Gary Brightwell,NYG,2023,RB,7,9,19,2.1,5,0,0,2.7,0,0,0
219,Hunter Luepke,DAL,2023,RB,17,6,19,3.2,9,0,1,1.1,0,0,5
220,Zach Evans,LAR,2023,RB,10,9,19,2.1,5,0,0,1.9,0,0,0
221,DeAndre Carter,LV,2023,WR,17,3,18,6.0,15,0,0,1.1,0,0,2
222,Rashod Bateman,BAL,2023,WR,16,1,18,18.0,18,0,0,1.1,0,0,1
223,George Pickens,PIT,2023,WR,17,3,18,6.0,16,0,0,1.1,0,0,2
224,Treylon Burks,TEN,2023,WR,11,5,18,3.6,9,0,0,1.6,0,0,0
225,Brandon Powell,MIN,2023,WR,17,5,17,3.4,9,0,0,1.0,0,0,1
226,Jalen Reagor,NE,2023,WR,11,1,17,17.0,17,0,0,1.5,0,0,1
227,Deon JacksonIND/CLE/,NYG,2023,RB,4,14,16,1.1,7,0,0,4.0,1,1,1
228,Tyreek Hill,MIA,2023,WR,16,6,15,2.5,14,0,0,0.9,0,0,2
229,Sam Darnold,SF,2023,QB,10,21,15,0.7,9,0,1,1.5,1,0,3
230,Devin Duvernay,BAL,2023,WR,13,4,15,3.8,8,0,0,1.2,0,0,0
231,Isaiah McKenzie,IND,2023,WR,13,3,14,4.7,7,0,0,1.1,0,0,0
232,Drew Lock,SEA,2023,QB,4,5,14,2.8,11,0,0,3.5,0,0,1
233,Jaren Hall,MIN,2023,QB,3,6,14,2.3,8,0,0,4.7,0,0,0
234,Kene Nwangwu,MIN,2023,RB,9,5,13,2.6,8,0,0,1.4,0,0,0
235,Charlie Jones,CIN,2023,WR,11,2,13,6.5,7,0,0,1.2,0,0,1
236,Zonovan Knight,DET,2023,RB,2,3,13,4.3,8,0,0,6.5,0,0,0
237,Andy Dalton,CAR,2023,QB,3,3,12,4.0,10,0,0,4.0,0,0,2
238,Adam Prentice,NO,2023,FB,13,2,12,6.0,7,0,0,0.9,1,1,1
239,Chris Evans,CIN,2023,RB,8,2,12,6.0,7,0,0,1.5,0,0,0
240,Jaylen Waddle,MIA,2023,WR,14,3,12,4.0,12,0,0,0.9,0,0,1
241,Tyler Boyd,CIN,2023,WR,17,2,11,5.5,6,0,0,0.6,0,0,1
242,Braxton Berrios,MIA,2023,WR,16,1,11,11.0,11,0,0,0.7,0,0,1
243,Jonathan Ward,TEN,2023,RB,8,3,11,3.7,8,0,0,1.4,0,0,1
244,Christian Watson,GB,2023,WR,9,4,11,2.8,13,0,0,1.2,0,0,1
245,Keisean Nixon,GB,2023,CB,17,1,11,11.0,11,0,0,0.6,0,0,1
246,Aidan O'Connell,LV,2023,QB,11,17,11,0.6,3,0,1,1.0,1,0,7
247,Elijah Moore,CLE,2023,WR,17,9,11,1.2,19,0,0,0.6,1,1,2
248,Gerald Everett,LAC,2023,TE,15,3,10,3.3,6,0,0,0.7,0,0,0
249,Jake Funk,IND,2023,RB,4,2,10,5.0,7,0,0,2.5,0,0,0
250,Blake Gillikin,ARI,2023,P,13,1,10,10.0,10,0,0,0.8,0,0,1
251,Khalil Shakir,BUF,2023,WR,17,1,10,10.0,10,0,0,0.6,0,0,1
252,DeAndre Hopkins,TEN,2023,WR,17,2,9,4.5,5,0,0,0.5,0,0,0
253,Michael Burton,DEN,2023,FB,17,7,9,1.3,4,0,0,0.5,0,0,4
254,Ty Montgomery I,INE,2023,WR,13,3,9,3.0,7,0,0,0.7,0,0,0
255,Ben Skowronek,LAR,2023,WR,17,2,9,4.5,11,0,0,0.5,0,0,1
256,Davis Mills,HOU,2023,QB,6,2,9,4.5,9,0,0,1.5,0,0,0
257,Quentin Johnston,LAC,2023,WR,17,3,9,3.0,6,0,0,0.5,0,0,0
258,Mason Rudolph,PIT,2023,QB,4,10,8,0.8,7,0,0,2.0,1,0,4
259,Jarrett Stidham,DEN,2023,QB,3,9,8,0.9,4,0,0,2.7,1,0,1
260,Harrison Bryant,CLE,2023,TE,17,5,8,1.6,2,0,0,0.5,1,1,4
261,Cedric Tillman,CLE,2023,WR,14,1,8,8.0,8,0,0,0.6,0,0,0
262,Robert Woods,HOU,2023,WR,14,1,7,7.0,7,0,0,0.5,0,0,0
263,C.J. Ham,MIN,2023,FB,17,1,7,7.0,7,0,0,0.4,0,0,0
264,Nico Collins,HOU,2023,WR,15,1,7,7.0,7,0,0,0.5,0,0,0
265,Keenan Allen,LAC,2023,WR,13,2,6,3.0,4,0,0,0.5,0,0,1
266,Kyle Juszczyk,SF,2023,FB,17,5,6,1.2,3,0,0,0.4,0,0,2
267,Adam Thielen,CAR,2023,WR,17,1,6,6.0,6,0,0,0.4,0,0,0
268,Sterling Shepard,NYG,2023,WR,15,1,6,6.0,6,0,0,0.4,0,0,0
269,Logan Woodside,ATL,2023,QB,1,1,6,6.0,6,0,0,6.0,0,0,0
270,Christian Kirk,JAX,2023,WR,12,1,6,6.0,6,0,0,0.5,0,0,0
271,Joshua Palmer,LAC,2023,WR,11,1,6,6.0,6,0,0,0.5,0,0,0
272,Elijah Dotson,LAC,2023,RB,4,4,6,1.5,2,0,0,1.5,0,0,0
273,Chigoziem Okonkwo,TEN,2023,TE,17,2,6,3.0,4,0,0,0.4,0,0,1
274,Stefon Diggs,BUF,2023,WR,17,1,5,5.0,5,0,0,0.3,0,0,1
275,Tim Boyle,NYJ,2023,QB,3,4,5,1.3,2,0,0,1.7,1,0,3
276,Devine Ozigbo,DET,2023,RB,3,3,5,1.7,4,0,0,1.7,0,0,1
277,Greg Dortch,ARI,2023,WR,16,1,5,5.0,5,0,0,0.3,0,0,0
278,Darnell Mooney,CHI,2023,WR,15,2,5,2.5,3,0,0,0.3,0,0,0
279,Dee Eskridge,SEA,2023,WR,4,2,5,2.5,10,0,0,1.3,0,0,1
280,Kendrick Bourne,NE,2023,WR,8,1,4,4.0,4,0,0,0.5,0,0,1
281,Nick Bawden,NYJ,2023,FB,16,2,4,2.0,3,0,1,0.3,0,0,1
282,Van JeffersonATL/,LAR,2023,WR,17,1,4,4.0,4,0,0,0.2,0,0,0
283,Sam LaPorta,DET,2023,TE,17,1,4,4.0,4,0,0,0.2,0,0,0
284,John Metchie III,HOU,2023,WR,16,1,4,4.0,4,0,0,0.3,0,0,0
285,Jalen Reeves-Maybin,DET,2023,LB,17,2,3,1.5,3,0,0,0.2,0,0,1
286,Mike Williams,LAC,2023,WR,3,1,3,3.0,3,0,0,1.0,0,0,0
287,Andrew Beck,HOU,2023,FB,15,5,3,0.6,2,0,1,0.2,0,0,2
288,Ashtyn Davis,NYJ,2023,S,17,2,3,1.5,4,0,0,0.2,0,0,1
289,Mecole HardmanKC/,NYJ,2023,WR,11,1,3,3.0,3,0,0,0.3,0,0,0
290,Jake Bobo,SEA,2023,WR,17,1,3,3.0,3,0,1,0.2,0,0,1
291,Joe Flacco,CLE,2023,QB,5,9,2,0.2,3,0,0,0.4,1,0,3
292,Logan Thomas,WSH,2023,TE,16,1,2,2.0,2,0,0,0.1,0,0,1
293,George Kittle,SF,2023,TE,16,1,2,2.0,2,0,0,0.1,0,0,1
294,Ezekiel Turner,ARI,2023,LB,16,1,2,2.0,2,0,0,0.1,0,0,1
295,Amani Hooker,TEN,2023,S,13,1,2,2.0,2,0,0,0.2,0,0,1
296,Kylen Granson,IND,2023,TE,15,1,2,2.0,2,0,0,0.1,0,0,1
297,James Robinson,GB,2023,RB,1,1,2,2.0,2,0,0,2.0,0,0,0
298,Cole Kmet,CHI,2023,TE,17,3,2,0.7,1,0,0,0.1,0,0,2
299,Jordan Addison,MIN,2023,WR,17,1,2,2.0,2,0,0,0.1,0,0,0
300,Case Keenum,HOU,2023,QB,2,2,1,0.5,1,0,0,0.5,1,0,0
301,Dallas Goedert,PHI,2023,TE,14,1,1,1.0,1,0,0,0.1,0,0,0
302,Steven Sims,HOU,2023,WR,3,1,1,1.0,1,0,0,0.3,0,0,0
303,Noah Gray,KC,2023,TE,17,1,1,1.0,1,0,0,0.1,0,0,0
304,Jashaun Corbin,NYG,2023,RB,6,1,1,1.0,1,0,0,0.2,0,0,1
305,Dontayvion Wicks,GB,2023,WR,15,1,1,1.0,1,0,0,0.1,0,0,0
306,Evan Hull,IND,2023,RB,1,1,1,1.0,1,0,0,1.0,0,0,0
307,Tress Way,WSH,2023,P,17,1,0,0.0,0,0,0,0.0,0,0,0
308,Kenyan Drake,GB,2023,RB,3,2,0,0.0,0,0,0,0.0,0,0,0
309,KhaDarel Hodge,ATL,2023,WR,17,1,0,0.0,0,0,0,0.0,1,0,0
310,Jonnu Smith,ATL,2023,TE,17,1,0,0.0,0,0,0,0.0,0,0,0
311,Jason Cabinda,DET,2023,FB,4,1,0,0.0,0,0,0,0.0,0,0,0
312,Mark Andrews,BAL,2023,TE,10,1,0,0.0,0,0,0,0.0,0,0,0
313,Tyler Conklin,NYJ,2023,TE,17,1,0,0.0,0,0,0,0.0,0,0,0
314,Alec Ingold,MIA,2023,FB,17,2,0,0.0,0,0,0,0.0,0,0,0
315,Nick Niemann,LAC,2023,LB,17,1,0,0.0,0,0,0,0.0,1,0,0
316,Connor Heyward,PIT,2023,TE,17,1,0,0.0,0,0,0,0.0,0,0,0
317,Peyton Hendershot,DAL,2023,TE,8,1,0,0.0,0,0,0,0.0,0,0,0
318,Dyami Brown,WSH,2023,WR,17,1,0,0.0,0,0,0,0.0,0,0,0
319,Deonte Harty,BUF,2023,WR,16,4,0,0.0,4,0,0,0.0,0,0,0
320,Rakim Jarrett,TB,2023,WR,10,1,0,0.0,0,0,0,0.0,0,0,0
321,Ty ZentnerHOU/,TEN,2023,P,9,1,0,0.0,0,0,0,0.0,1,0,0
322,Garrett Wilson,NYJ,2023,WR,17,4,0,0.0,6,0,0,0.0,0,0,1
323,Noah Brown,HOU,2023,WR,10,1,-1,-1.0,-1,0,0,-0.1,0,0,0
324,Kyle Trask,TB,2023,QB,2,1,-1,-1.0,-1,0,0,-0.5,0,0,0
325,Teddy Bridgewater,DET,2023,QB,1,2,-2,-1.0,-1,0,0,-2.0,0,0,0
326,Jonathan Williams,WSH,2023,RB,1,1,-2,-2.0,-2,0,0,-2.0,0,0,0
327,Trent Taylor,CHI,2023,WR,17,1,-2,-2.0,-2,0,0,-0.1,0,0,0
328,Jamal Agnew,JAX,2023,WR,11,4,-2,-0.5,1,0,0,-0.2,0,0,0
329,Gabe Davis,BUF,2023,WR,17,1,-2,-2.0,-2,0,0,-0.1,0,0,0
330,Sean Clifford,GB,2023,QB,2,3,-2,-0.7,0,0,0,-1.0,1,0,0
331,Brian Hoyer,LV,2023,QB,3,3,-3,-1.0,-1,0,0,-1.0,0,0,0
332,Matt Barkley,JAX,2023,QB,1,3,-3,-1.0,-1,0,0,-3.0,0,0,0
333,Cooper Kupp,LAR,2023,WR,12,1,-3,-3.0,-3,0,0,-0.3,0,0,0
334,Rashee Rice,KC,2023,WR,16,1,-3,-3.0,-3,0,0,-0.2,0,0,0
335,Nathan Peterman,CHI,2023,QB,2,2,-4,-2.0,-2,0,0,-2.0,0,0,0
336,Kyle Pitts,ATL,2023,TE,17,1,-4,-4.0,-4,0,0,-0.2,0,0,0
337,Cooper Rush,DAL,2023,QB,7,12,-5,-0.4,6,0,0,-0.7,0,0,1
338,Jameis Winston,NO,2023,QB,7,5,-6,-1.2,-1,0,0,-0.9,0,0,0
339,Ja'Marr Chase,CIN,2023,WR,16,3,-6,-2.0,2,0,0,-0.4,0,0,0
340,Mike White,MIA,2023,QB,6,8,-9,-1.1,0,0,0,-1.5,1,1,0
341,Johnny Hekker,CAR,2023,P,17,1,-11,-11.0,-11,0,0,-0.6,1,1,0
342,Ryan Stonehouse,TEN,2023,P,12,1,-11,-11.0,-11,0,0,-0.9,1,1,0
343,Justin Jefferson,MIN,2023,WR,10,1,-12,-12.0,-12,0,0,-1.2,0,0,0
344,Kyle Allen,BUF,2023,QB,7,13,-13,-1.0,0,0,0,-1.9,0,0,0
345,Cameron Johnston,HOU,2023,P,13,1,-23,-23.0,-23,0,0,-1.8,0,0,0
0,Josh Jacobs,LV,2022,RB,17,340,1653,4.9,86,7,12,97.2,2,0,93
1,Derrick Henry,TEN,2022,RB,16,349,1538,4.4,56,10,13,96.1,4,2,65
2,Nick Chubb,CLE,2022,RB,17,302,1525,5.1,41,13,12,89.7,1,1,69
3,Saquon Barkley,NYG,2022,RB,16,295,1312,4.4,68,9,10,82.0,1,0,62
4,Miles Sanders,PHI,2022,RB,17,259,1269,4.9,40,9,11,74.6,1,1,62
5,Dalvin Cook,MIN,2022,RB,17,264,1173,4.4,81,5,8,69.0,3,3,50
6,Justin Fields,CHI,2022,QB,15,160,1143,7.1,67,10,8,76.2,9,0,65
7,Christian McCaffreySF/,CAR,2022,RB,17,244,1139,4.7,49,9,8,67.0,1,0,59
8,Travis Etienne Jr.,JAX,2022,RB,17,220,1125,5.1,62,8,5,66.2,3,3,52
9,Aaron Jones,GB,2022,RB,17,213,1121,5.3,36,6,2,65.9,3,1,54
10,Jamaal Williams,DET,2022,RB,17,262,1066,4.1,58,4,17,62.7,3,2,65
11,Kenneth Walker III,SEA,2022,RB,15,228,1050,4.6,74,10,9,70.0,0,0,51
12,Rhamondre Stevenson,NE,2022,RB,17,210,1040,5.0,49,7,5,61.2,2,1,49
13,Tyler Allgeier,ATL,2022,RB,16,210,1035,4.9,44,6,3,64.7,0,0,53
14,Najee Harris,PIT,2022,RB,17,272,1034,3.8,36,1,7,60.8,2,1,45
15,Tony Pollard,DAL,2022,RB,16,193,1007,5.2,57,9,9,62.9,0,0,46
16,Dameon Pierce,HOU,2022,RB,13,220,939,4.3,75,7,4,72.2,4,2,54
17,Austin Ekeler,LAC,2022,RB,17,204,915,4.5,72,4,13,53.8,3,2,46
18,D'Onta Foreman,CAR,2022,RB,17,203,914,4.5,60,8,5,53.8,1,0,45
19,Alvin Kamara,NO,2022,RB,15,223,897,4.0,27,3,2,59.8,2,2,40
20,Raheem Mostert,MIA,2022,RB,16,181,891,4.9,67,6,3,55.7,1,1,44
21,Ezekiel Elliott,DAL,2022,RB,15,231,876,3.8,27,5,12,58.4,0,0,52
22,Jonathan Taylor,IND,2022,RB,11,192,861,4.5,66,5,4,78.3,3,3,39
23,Jeff Wilson Jr.SF/,MIA,2022,RB,16,176,860,4.9,41,7,5,53.8,2,1,44
24,Isiah Pacheco,KC,2022,RB,17,170,830,4.9,31,3,5,48.8,3,2,37
25,Devin Singletary,BUF,2022,RB,16,177,819,4.6,33,5,5,51.2,3,3,42
26,Joe Mixon,CIN,2022,RB,14,210,814,3.9,40,4,7,58.1,0,0,47
27,David Montgomery,CHI,2022,RB,16,201,801,4.0,28,2,5,50.1,1,1,41
28,Brian Robinson Jr.,WSH,2022,RB,12,205,797,3.9,24,2,2,66.4,2,0,49
29,Cam Akers,LAR,2022,RB,15,188,786,4.2,42,3,7,52.4,2,2,39
30,James Conner,ARI,2022,RB,13,183,782,4.3,23,3,7,60.2,3,1,48
31,AJ Dillon,GB,2022,RB,17,186,770,4.1,27,3,7,45.3,0,0,47
32,Lamar Jackson,BAL,2022,QB,12,112,764,6.8,79,5,3,63.7,4,1,46
33,Josh Allen,BUF,2022,QB,16,124,762,6.1,44,8,7,47.6,8,2,55
34,Latavius MurrayNO/,DEN,2022,RB,13,171,760,4.4,52,5,6,58.5,1,0,44
35,Jalen Hurts,PHI,2022,QB,15,165,760,4.6,42,7,13,50.7,5,0,67
36,Khalil Herbert,CHI,2022,RB,13,129,731,5.7,63,4,4,56.2,0,0,26
37,Daniel Jones,NYG,2022,QB,16,120,708,5.9,25,4,7,44.3,2,1,57
38,Cordarrelle Patterson,ATL,2022,RB,13,144,695,4.8,40,4,8,53.5,1,1,39
39,Leonard Fournette,TB,2022,RB,16,189,668,3.5,23,1,3,41.8,0,0,39
40,Taysom Hill,NO,2022,QB,16,96,575,6.0,60,3,7,35.9,1,0,34
41,Antonio Gibson,WSH,2022,RB,15,149,546,3.7,20,1,3,36.4,1,0,32
42,D'Andre Swift,DET,2022,RB,14,99,542,5.5,50,3,5,38.7,0,0,21
43,J.K. Dobbins,BAL,2022,RB,8,92,520,5.7,44,4,2,65.0,0,0,26
44,James Cook,BUF,2022,RB,16,89,507,5.7,33,6,2,31.7,1,1,24
45,Kenyan Drake,BAL,2022,RB,12,109,482,4.4,40,5,4,40.2,1,0,21
46,Rachaad White,TB,2022,RB,17,129,481,3.7,35,2,1,28.3,1,1,27
47,Kareem Hunt,CLE,2022,RB,17,123,468,3.8,24,2,3,27.5,1,0,30
48,Chuba Hubbard,CAR,2022,RB,15,95,466,4.9,35,3,2,31.1,0,0,23
49,Breece Hall,NYJ,2022,RB,7,80,463,5.8,62,3,4,66.1,0,0,20
50,Damien Harris,NE,2022,RB,11,106,462,4.4,30,2,3,42.0,0,0,23
51,Zack MossIND/,BUF,2022,RB,13,93,456,4.9,43,2,1,35.1,1,1,18
52,Marcus Mariota,ATL,2022,QB,13,85,438,5.2,30,4,4,33.7,5,2,30
53,Gus Edwards,BAL,2022,RB,9,87,433,5.0,37,3,3,48.1,1,1,30
54,James RobinsonJAX/,NYJ,2022,RB,11,110,425,3.9,50,4,3,38.6,1,0,22
55,Kyler Murray,ARI,2022,QB,11,67,418,6.2,42,3,3,38.0,6,2,23
56,Michael Carter,NYJ,2022,RB,16,114,402,3.5,25,3,3,25.1,1,1,14
57,Samaje Perine,CIN,2022,RB,16,95,394,4.1,29,1,2,24.6,0,0,19
58,Jaylen Warren,PIT,2022,RB,16,77,379,4.9,31,3,1,23.7,1,0,20
59,Geno Smith,SEA,2022,QB,17,68,366,5.4,25,2,1,21.5,3,2,24
60,Caleb Huntley,ATL,2022,RB,12,76,366,4.8,30,2,1,30.5,1,0,18
61,Patrick Mahomes,KC,2022,QB,17,61,358,5.9,20,1,4,21.1,5,0,25
62,Rashaad Penny,SEA,2022,RB,5,57,346,6.1,41,5,2,69.2,1,0,15
63,Melvin Gordon III,DEN,2022,RB,10,90,318,3.5,17,0,2,31.8,4,2,15
64,Eno BenjaminARI/HOU/,NO,2022,RB,15,77,313,4.1,45,1,2,20.9,0,0,14
65,Clyde Edwards-Helaire,KC,2022,RB,10,71,302,4.3,52,2,3,30.2,0,0,15
66,Zonovan Knight,NYJ,2022,RB,7,85,300,3.5,48,1,1,42.9,1,0,14
67,Jerick McKinnon,KC,2022,RB,17,72,291,4.0,30,2,1,17.1,0,0,12
68,Trevor Lawrence,JAX,2022,QB,17,62,291,4.7,24,1,5,17.1,5,4,27
69,Joshua Kelley,LAC,2022,RB,13,69,287,4.2,22,1,2,22.1,0,0,16
70,Darrell Henderson Jr.,LAR,2022,RB,10,70,283,4.0,23,1,3,28.3,0,0,14
71,Alexander Mattison,MIN,2022,RB,17,74,283,3.8,15,0,5,16.6,0,0,21
72,Elijah Mitchell,SF,2022,RB,5,45,279,6.2,37,1,2,55.8,0,0,15
73,Russell Wilson,DEN,2022,QB,15,55,277,5.0,19,0,3,18.5,2,0,21
74,Justice Hill,BAL,2022,RB,15,49,262,5.3,34,1,0,17.5,1,1,15
75,Jordan Mason,SF,2022,RB,16,43,258,6.0,55,1,1,16.1,0,0,10
76,Joe Burrow,CIN,2022,QB,16,75,257,3.4,23,2,5,16.1,0,0,27
77,Chase EdmondsMIA/,DEN,2022,RB,13,68,245,3.6,28,3,2,18.8,0,0,8
78,Jacoby Brissett,CLE,2022,QB,16,49,243,5.0,22,3,2,15.2,1,1,28
79,Kenneth Gainwell,PHI,2022,RB,17,53,240,4.5,13,0,4,14.1,0,0,17
80,Kenny Pickett,PIT,2022,QB,13,55,237,4.3,23,1,3,18.2,3,0,23
81,Deon Jackson,IND,2022,RB,16,68,236,3.5,17,0,1,14.8,1,1,13
82,Mark Ingram I,INO,2022,RB,10,62,233,3.8,14,0,1,23.3,1,1,12
83,Deebo Samuel Sr.,SF,2022,WR,13,42,232,5.5,51,3,3,17.8,3,2,8
84,Matt Breida,NYG,2022,RB,17,54,220,4.1,18,0,1,12.9,0,0,13
85,Boston Scott,PHI,2022,RB,15,54,217,4.0,21,1,3,14.5,0,0,12
86,Javonte Williams,DEN,2022,RB,4,47,204,4.3,17,0,0,51.0,1,1,9
87,JaMycal Hasty,JAX,2022,RB,17,46,194,4.2,61,1,2,11.4,0,0,7
88,Curtis Samuel,WSH,2022,WR,17,38,187,4.9,21,2,1,11.0,1,1,11
89,DeeJay Dallas,SEA,2022,RB,15,35,186,5.3,27,1,0,12.4,0,0,9
90,Dak Prescott,DAL,2022,QB,12,45,182,4.0,25,1,1,15.2,2,1,19
91,Deshaun Watson,CLE,2022,QB,6,36,175,4.9,21,2,1,29.2,1,0,10
92,Justin Jackson,DET,2022,RB,16,42,170,4.0,27,1,1,10.6,0,0,8
93,Malik Davis,DAL,2022,RB,12,38,161,4.2,23,2,1,13.4,0,0,6
94,Ty Johnson,NYJ,2022,RB,17,30,160,5.3,32,2,1,9.4,0,0,5
95,Jonathan Williams,WSH,2022,RB,13,37,152,4.1,23,1,0,11.7,0,0,6
96,Justin Herbert,LAC,2022,QB,17,54,147,2.7,23,1,0,8.6,4,0,17
97,Dontrell Hilliard,TEN,2022,RB,12,22,145,6.6,30,2,0,12.1,0,0,4
98,Gary Brightwell,NYG,2022,RB,17,31,141,4.5,25,1,1,8.3,0,0,9
99,Kyren Williams,LAR,2022,RB,10,35,139,4.0,17,0,0,13.9,0,0,6
0,Jonathan Taylor,IND,2021,RB,17,332,1811,5.5,83,14,18,106.5,3,2,107
1,Nick Chubb,CLE,2021,RB,14,228,1259,5.5,70,12,8,89.9,2,1,61
2,Joe Mixon,CIN,2021,RB,16,292,1205,4.1,32,6,13,75.3,1,1,60
3,Najee Harris,PIT,2021,RB,17,307,1200,3.9,37,6,7,70.6,0,0,62
4,Dalvin Cook,MIN,2021,RB,13,249,1159,4.7,66,9,6,89.2,3,2,57
5,Antonio Gibson,WSH,2021,RB,16,258,1037,4.0,27,4,7,64.8,5,3,65
6,Ezekiel Elliott,DAL,2021,RB,17,237,1002,4.2,47,3,10,58.9,1,1,55
7,Elijah Mitchell,SF,2021,RB,11,207,963,4.7,39,6,5,87.5,0,0,47
8,Derrick Henry,TEN,2021,RB,8,219,937,4.3,76,3,10,117.1,1,0,49
9,Damien Harris,NE,2021,RB,15,202,929,4.6,64,8,15,61.9,2,2,55
10,Melvin Gordon III,DEN,2021,RB,16,203,918,4.5,70,3,8,57.4,3,3,48
11,Austin Ekeler,LAC,2021,RB,16,206,911,4.4,28,3,12,56.9,0,0,53
12,Javonte Williams,DEN,2021,RB,17,203,903,4.4,49,6,4,53.1,2,1,52
13,Alvin Kamara,NO,2021,RB,13,240,898,3.7,30,3,4,69.1,0,0,42
14,Josh Jacobs,LV,2021,RB,15,217,872,4.0,28,2,9,58.1,2,2,45
15,Devin Singletary,BUF,2021,RB,17,188,870,4.6,46,6,7,51.2,2,0,44
16,David Montgomery,CHI,2021,RB,13,225,849,3.8,41,5,7,65.3,1,1,55
17,Sony Michel,LAR,2021,RB,17,208,845,4.1,39,2,4,49.7,1,1,49
18,AJ Dillon,GB,2021,RB,17,187,803,4.3,36,2,5,47.2,1,1,50
19,Aaron Jones,GB,2021,RB,15,171,799,4.7,57,5,4,53.3,1,1,37
20,Jalen Hurts,PHI,2021,QB,15,139,784,5.6,31,7,10,52.3,4,1,56
21,Lamar Jackson,BAL,2021,QB,12,133,767,5.8,31,5,2,63.9,4,2,48
22,Josh Allen,BUF,2021,QB,17,122,763,6.3,34,9,6,44.9,5,2,53
23,Miles Sanders,PHI,2021,RB,12,137,754,5.5,38,7,0,62.8,1,1,33
24,James Conner,ARI,2021,RB,15,202,752,3.7,35,3,15,50.1,2,0,53
25,Rashaad Penny,SEA,2021,RB,10,119,749,6.3,62,11,6,74.9,0,0,28
26,Tony Pollard,DAL,2021,RB,15,130,719,5.5,58,4,2,47.9,0,0,35
27,Michael Carter,NYJ,2021,RB,14,147,639,4.3,55,3,4,45.6,0,0,29
28,Cordarrelle Patterson,ATL,2021,RB,16,153,618,4.0,39,2,6,38.6,1,0,29
29,D'Andre Swift,DET,2021,RB,13,151,617,4.1,57,3,5,47.5,0,0,28
30,Myles Gaskin,MIA,2021,RB,17,173,612,3.5,30,2,3,36.0,2,1,25
31,Chuba Hubbard,CAR,2021,RB,17,172,612,3.6,26,3,5,36.0,1,1,36
32,Rhamondre Stevenson,NE,2021,RB,12,133,606,4.6,21,1,5,50.5,1,0,33
33,Jamaal Williams,DET,2021,RB,13,153,601,3.9,20,1,3,46.2,1,0,42
34,Devontae Booker,NYG,2021,RB,16,145,593,4.1,31,3,2,37.1,0,0,31
35,Saquon Barkley,NYG,2021,RB,13,162,593,3.7,41,3,2,45.6,1,1,27
36,Chase Edmonds,ARI,2021,RB,12,116,592,5.1,54,3,2,49.3,0,0,32
37,Devonta Freeman,BAL,2021,RB,16,133,576,4.3,32,4,5,36.0,0,0,31
38,D'Onta Foreman,TEN,2021,RB,9,133,566,4.3,35,4,3,62.9,2,1,22
39,Darrel Williams,KC,2021,RB,17,144,558,3.9,21,1,6,32.8,0,0,40
40,Mark Ingram IIHOU/,NO,2021,RB,14,160,554,3.5,28,2,2,39.6,1,1,22
41,D'Ernest Johnson,CLE,2021,RB,17,100,534,5.3,30,4,3,31.4,0,0,24
42,Clyde Edwards-Helaire,KC,2021,RB,10,119,517,4.3,17,0,4,51.7,2,2,21
43,Mike Davis,ATL,2021,RB,17,138,503,3.6,18,0,3,29.6,2,1,21
44,Latavius Murray,BAL,2021,RB,14,119,501,4.2,46,3,6,35.8,0,0,36
45,Alexander Mattison,MIN,2021,RB,16,134,491,3.7,48,2,3,30.7,1,1,28
46,Khalil Herbert,CHI,2021,RB,17,103,433,4.2,29,4,2,25.5,0,0,24
47,Ronald Jones,TB,2021,RB,16,101,428,4.2,30,1,4,26.8,2,2,25
48,Rex Burkhead,HOU,2021,RB,16,122,427,3.5,36,2,3,26.7,1,0,30
49,Kyler Murray,ARI,2021,QB,14,88,423,4.8,57,1,5,30.2,12,0,25
50,Jordan Howard,PHI,2021,RB,7,86,406,4.7,25,1,3,58.0,0,0,24
51,Kareem Hunt,CLE,2021,RB,8,78,386,4.9,33,2,5,48.3,0,0,22
52,Patrick Mahomes,KC,2021,QB,17,66,381,5.8,32,4,2,22.4,4,2,25
53,Taysom Hill,NO,2021,QB,12,70,374,5.3,44,3,5,31.2,1,0,26
54,Boston Scott,PHI,2021,RB,16,87,373,4.3,23,2,7,23.3,1,1,24
55,Deebo Samuel Sr.,SF,2021,WR,16,59,365,6.2,49,5,8,22.8,0,0,21
56,Justin Jackson,LAC,2021,RB,14,68,364,5.4,75,2,2,26.0,1,1,18
57,Tevin Coleman,NYJ,2021,RB,11,84,356,4.2,20,1,0,32.4,0,0,19
58,Dontrell Hilliard,TEN,2021,RB,8,56,350,6.3,68,2,2,43.8,1,1,15
59,Zack Moss,BUF,2021,RB,13,96,345,3.6,17,0,4,26.5,0,0,22
60,Trevor Lawrence,JAX,2021,QB,17,73,334,4.6,26,1,2,19.6,3,0,21
61,Duke Johnson,MIA,2021,RB,5,71,330,4.6,27,1,3,66.0,0,0,18
62,Taylor Heinicke,WSH,2021,QB,16,60,313,5.2,38,2,1,19.6,4,0,20
63,Justin Herbert,LAC,2021,QB,17,63,302,4.8,36,1,3,17.8,0,0,28
64,Jeff Wilson Jr.,SF,2021,RB,9,79,294,3.7,17,0,2,32.7,1,0,19
65,Tyler Huntley,BAL,2021,QB,7,47,294,6.3,21,1,2,42.0,1,1,22
66,Kenneth Gainwell,PHI,2021,RB,16,68,291,4.3,18,0,5,18.2,1,1,19
67,Nyheim Hines,IND,2021,RB,17,56,276,4.9,34,2,2,16.2,0,0,15
68,Ryan Tannehill,TEN,2021,QB,17,55,270,4.9,28,2,7,15.9,4,1,33
69,Jaret Patterson,WSH,2021,RB,17,68,266,3.9,13,0,2,15.6,1,0,15
70,Derrick Gore,KC,2021,RB,11,51,256,5.0,51,2,2,23.3,0,0,12
71,Phillip LindsayHOU/,MIA,2021,RB,14,88,249,2.8,35,1,1,17.8,0,0,11
72,Samaje Perine,CIN,2021,RB,16,55,246,4.5,46,2,1,15.4,0,0,11
73,Ty Johnson,NYJ,2021,RB,16,61,238,3.9,24,2,2,14.9,1,1,13
74,Cam Newton,CAR,2021,QB,8,47,230,4.9,33,2,5,28.8,4,1,20
75,Craig Reynolds,DET,2021,RB,5,55,230,4.2,35,2,0,46.0,0,0,11
76,David Johnson,HOU,2021,RB,13,67,228,3.4,15,0,0,17.5,1,1,7
77,Brandon Bolden,NE,2021,RB,17,44,226,5.1,24,2,1,13.3,1,0,12
78,Sam Darnold,CAR,2021,QB,12,48,222,4.6,30,2,5,18.5,4,2,21
79,Carson Wentz,IND,2021,QB,17,57,215,3.8,18,0,1,12.6,4,1,21
80,Peyton Barber,LV,2021,RB,10,55,212,3.9,27,1,2,21.2,2,0,12
81,Ty'Son Williams,BAL,2021,RB,13,35,185,5.3,35,2,1,14.2,1,0,8
82,Zach Wilson,NYJ,2021,QB,13,29,185,6.4,52,3,4,14.2,1,0,10
83,Russell Wilson,SEA,2021,QB,14,43,183,4.3,17,0,2,13.1,2,0,17
84,Ke'Shawn Vaughn,TB,2021,RB,12,36,180,5.0,55,1,2,15.0,0,0,9
85,Travis Homer,SEA,2021,RB,14,21,177,8.4,73,2,1,12.6,0,0,7
86,Royce FreemanHOU/,CAR,2021,RB,15,56,169,3.0,13,0,0,11.3,0,0,8
87,Trey Lance,SF,2021,QB,6,38,168,4.4,15,0,1,28.0,0,0,8
88,Trey Sermon,SF,2021,RB,9,41,167,4.1,16,0,1,18.6,0,0,9
89,Ameer AbdullahMIN/,CAR,2021,RB,17,51,166,3.3,15,0,0,9.8,0,0,8
90,Damien Williams,CHI,2021,RB,12,40,164,4.1,23,1,2,13.7,0,0,11
91,Tyrod Taylor,HOU,2021,QB,6,19,151,7.9,30,2,3,25.2,3,0,7
92,Salvon Ahmed,MIA,2021,RB,12,54,149,2.8,16,0,0,12.4,0,0,8
93,Dak Prescott,DAL,2021,QB,16,48,146,3.0,21,1,1,9.1,9,3,7
94,Tony Jones Jr.,NO,2021,RB,11,54,142,2.6,11,0,0,12.9,0,0,7
95,Corey Clement,DAL,2021,RB,17,33,140,4.2,38,1,0,8.2,0,0,7
96,DeeJay Dallas,SEA,2021,RB,17,33,138,4.2,15,0,2,8.1,0,0,10
97,Dare Ogunbowale,JAX,2021,RB,17,43,137,3.2,12,0,1,8.1,0,0,5
98,Mac Jones,NE,2021,QB,17,44,129,2.9,13,0,0,7.6,3,1,22
99,Tua Tagovailoa,MIA,2021,QB,13,42,128,3.0,23,1,3,9.8,3,0,13
100,Kendrick Bourne,NE,2021,WR,17,12,125,10.4,18,0,0,7.4,0,0,7
101,Matt Breida,BUF,2021,RB,9,26,125,4.8,28,1,1,13.9,1,1,5
102,Godwin Igwebuike,DET,2021,RB,17,18,118,6.6,42,1,1,6.9,2,2,7
103,Joe Burrow,CIN,2021,QB,16,40,118,3.0,12,0,2,7.4,1,0,14
104,Eno Benjamin,ARI,2021,RB,9,34,118,3.5,21,1,1,13.1,0,0,4
105,Kirk Cousins,MIN,2021,QB,16,29,115,4.0,29,1,1,7.2,2,0,8
106,Derek Carr,LV,2021,QB,17,40,108,2.7,22,1,0,6.4,4,0,9
107,Qadree Ollison,ATL,2021,RB,8,21,105,5.0,19,0,1,13.1,1,1,7
108,Wayne GallmanATL/,MIN,2021,RB,8,28,104,3.7,17,0,0,13.0,0,0,5
109,Joshua Kelley,LAC,2021,RB,10,33,102,3.1,14,0,0,10.2,1,1,5
110,Aaron Rodgers,GB,2021,QB,16,33,101,3.1,18,0,3,6.3,2,0,10
111,Le'Veon BellBAL/,TB,2021,RB,8,39,101,2.6,12,0,2,12.6,0,0,9
112,Austin Walter,NYJ,2021,RB,4,26,101,3.9,14,0,1,25.3,0,0,5
113,Marlon Mack,IND,2021,RB,6,28,101,3.6,22,1,0,16.8,0,0,6
114,Elijhaa Penny,NYG,2021,RB,17,24,99,4.1,12,0,1,5.8,0,0,9
115,Benny Snell Jr.,PIT,2021,RB,17,36,98,2.7,9,0,0,5.8,0,0,2
116,Tyreek Hill,KC,2021,WR,17,9,96,10.7,33,1,0,5.6,0,0,4
117,Chase Claypool,PIT,2021,WR,15,14,96,6.9,25,1,0,6.4,0,0,7
118,DeAndre Carter,WSH,2021,WR,17,10,89,8.9,27,1,0,5.2,1,0,4
119,Patrick Taylor Jr.,GB,2021,RB,9,23,89,3.9,12,0,1,9.9,0,0,5
120,Marcus Mariota,LV,2021,QB,10,13,87,6.7,31,1,1,8.7,1,0,6
121,Jared Goff,DET,2021,QB,14,17,87,5.1,26,1,0,6.2,3,2,4
122,Larry Rountree III,LAC,2021,RB,12,36,87,2.4,13,0,1,7.3,0,0,5
123,Matt Ryan,ATL,2021,QB,17,40,82,2.0,17,0,1,4.8,6,1,9
124,Tom Brady,TB,2021,QB,17,28,81,2.9,13,0,2,4.8,1,1,14
125,Ryquell Armstead,JAX,2021,RB,2,15,80,5.3,26,1,0,40.0,0,0,3
126,Jonathan Williams,WSH,2021,RB,5,17,79,4.6,23,1,1,15.8,0,0,7
127,Chris Evans,CIN,2021,RB,14,17,77,4.5,13,0,0,5.5,0,0,3
128,Andy Dalton,CHI,2021,QB,8,16,76,4.8,14,0,0,9.5,0,0,2
129,CeeDee Lamb,DAL,2021,WR,16,9,76,8.4,33,1,0,4.8,0,0,4
130,Rondale Moore,ARI,2021,WR,14,18,76,4.2,26,1,0,5.4,0,0,2
131,Jermar Jefferson,DET,2021,RB,7,15,74,4.9,28,1,2,10.6,0,0,4
132,Jacoby Brissett,MIA,2021,QB,11,19,70,3.7,19,0,1,6.4,2,0,9
133,JaMycal Hasty,SF,2021,RB,11,16,68,4.3,21,1,1,6.2,0,0,6
134,Jake Fromm,NYG,2021,QB,3,8,65,8.1,27,1,0,21.7,0,0,4
135,Jerick McKinnon,KC,2021,RB,13,12,62,5.2,18,0,0,4.8,0,0,2
136,Kene Nwangwu,MIN,2021,RB,11,13,61,4.7,19,0,0,5.5,0,0,3
137,Amon-Ra St. Brown,DET,2021,WR,17,7,61,8.7,26,1,1,3.6,0,0,2
138,Dee Eskridge,SEA,2021,WR,10,4,59,14.8,30,1,0,5.9,0,0,2
139,Mason Rudolph,PIT,2021,QB,2,5,53,10.6,26,1,0,26.5,0,0,3
140,Drew Lock,DEN,2021,QB,6,10,53,5.3,23,1,2,8.8,1,1,5
141,Diontae Johnson,PIT,2021,WR,16,5,53,10.6,25,1,0,3.3,0,0,2
142,Jimmy Garoppolo,SF,2021,QB,15,38,51,1.3,7,0,3,3.4,4,1,15
143,Trayveon Williams,CIN,2021,RB,5,15,51,3.4,10,0,0,10.2,0,0,4
144,Jason Huntley,PHI,2021,RB,1,13,51,3.9,18,0,0,51.0,0,0,2
145,Devin Duvernay,BAL,2021,WR,16,7,50,7.1,19,0,0,3.1,0,0,3
146,DJ Moore,CAR,2021,WR,17,8,48,6.0,14,0,0,2.8,0,0,4
147,Isaiah McKenzie,BUF,2021,WR,15,9,47,5.2,10,0,1,3.1,0,0,5
148,Mecole Hardman,KC,2021,WR,17,8,46,5.8,24,1,0,2.7,1,1,2
149,Ty Montgomery I,INO,2021,WR,14,15,44,2.9,9,0,0,3.1,0,0,2
